id,date,province,cumulative_recovered
1,2020-07-04,Alberta,447
2,2020-06-04,Alberta,361
3,2020-05-04,Alberta,279
4,2020-04-04,Alberta,196
5,2020-03-04,Alberta,196
6,2020-02-04,Alberta,174
7,2020-01-04,Alberta,142
8,2020-03-31,Alberta,120
9,2020-03-30,Alberta,94
10,2020-03-29,Alberta,73
11,2020-03-28,Alberta,53
12,2020-03-27,Alberta,33
13,2020-03-26,Alberta,27
14,2020-03-25,Alberta,3
15,2020-03-24,Alberta,3
16,2020-03-23,Alberta,3
17,2020-03-22,Alberta,3
18,2020-03-21,Alberta,3
19,2020-03-20,Alberta,3
20,2020-03-19,Alberta,2
21,2020-03-18,Alberta,0
22,2020-03-17,Alberta,0
23,2020-03-16,Alberta,0
24,2020-03-15,Alberta,0
25,2020-03-14,Alberta,0
26,2020-03-13,Alberta,0
27,2020-12-03,Alberta,0
28,2020-11-03,Alberta,0
29,2020-10-03,Alberta,0
30,2020-09-03,Alberta,0
31,2020-08-03,Alberta,0
32,2020-07-03,Alberta,0
33,2020-06-03,Alberta,0
34,2020-05-03,Alberta,0
35,2020-04-03,Alberta,-1
36,2020-03-03,Alberta,-1
37,2020-02-03,Alberta,-1
38,2020-01-03,Alberta,-1
39,2020-02-29,Alberta,-1
40,2020-02-28,Alberta,-1
41,2020-02-27,Alberta,-1
42,2020-02-26,Alberta,-1
43,2020-02-25,Alberta,-1
44,2020-02-24,Alberta,-1
45,2020-02-23,Alberta,-1
46,2020-02-22,Alberta,-1
47,2020-02-21,Alberta,-1
48,2020-02-20,Alberta,-1
49,2020-02-19,Alberta,-1
50,2020-02-18,Alberta,-1
51,2020-02-17,Alberta,-1
52,2020-02-16,Alberta,-1
53,2020-02-15,Alberta,-1
54,2020-02-14,Alberta,-1
55,2020-02-13,Alberta,-1
56,2020-12-02,Alberta,-1
57,2020-07-04,BC,805
58,2020-06-04,BC,783
59,2020-05-04,BC,704
60,2020-04-04,BC,704
61,2020-03-04,BC,673
62,2020-02-04,BC,641
63,2020-01-04,BC,606
64,2020-03-31,BC,507
65,2020-03-30,BC,469
66,2020-03-29,BC,396
67,2020-03-28,BC,396
68,2020-03-27,BC,275
69,2020-03-26,BC,186
70,2020-03-25,BC,183
71,2020-03-24,BC,173
72,2020-03-23,BC,100
73,2020-03-22,BC,6
74,2020-03-21,BC,6
75,2020-03-20,BC,6
76,2020-03-19,BC,5
77,2020-03-18,BC,5
78,2020-03-17,BC,5
79,2020-03-16,BC,5
80,2020-03-15,BC,5
81,2020-03-14,BC,5
82,2020-03-13,BC,5
83,2020-12-03,BC,4
84,2020-11-03,BC,4
85,2020-10-03,BC,4
86,2020-09-03,BC,4
87,2020-08-03,BC,4
88,2020-07-03,BC,4
89,2020-06-03,BC,4
90,2020-05-03,BC,4
91,2020-04-03,BC,4
92,2020-03-03,BC,4
93,2020-02-03,BC,4
94,2020-01-03,BC,4
95,2020-02-29,BC,4
96,2020-02-28,BC,4
97,2020-02-27,BC,4
98,2020-02-26,BC,4
99,2020-02-25,BC,4
100,2020-02-24,BC,1
101,2020-02-23,BC,1
102,2020-02-22,BC,1
103,2020-02-21,BC,1
104,2020-02-20,BC,1
105,2020-02-19,BC,1
106,2020-02-18,BC,0
107,2020-02-17,BC,0
108,2020-02-16,BC,0
109,2020-02-15,BC,0
110,2020-02-14,BC,0
111,2020-02-13,BC,0
112,2020-12-02,BC,0
113,2020-07-04,Manitoba,21
114,2020-06-04,Manitoba,17
115,2020-05-04,Manitoba,17
116,2020-04-04,Manitoba,17
117,2020-03-04,Manitoba,11
118,2020-02-04,Manitoba,11
119,2020-01-04,Manitoba,4
120,2020-03-31,Manitoba,4
121,2020-03-30,Manitoba,2
122,2020-03-29,Manitoba,2
123,2020-03-28,Manitoba,0
124,2020-03-27,Manitoba,0
125,2020-03-26,Manitoba,0
126,2020-03-25,Manitoba,0
127,2020-03-24,Manitoba,0
128,2020-03-23,Manitoba,0
129,2020-03-22,Manitoba,0
130,2020-03-21,Manitoba,0
131,2020-03-20,Manitoba,0
132,2020-03-19,Manitoba,0
133,2020-03-18,Manitoba,0
134,2020-03-17,Manitoba,0
135,2020-03-16,Manitoba,0
136,2020-03-15,Manitoba,0
137,2020-03-14,Manitoba,0
138,2020-03-13,Manitoba,0
139,2020-12-03,Manitoba,0
140,2020-11-03,Manitoba,-1
141,2020-10-03,Manitoba,-1
142,2020-09-03,Manitoba,-1
143,2020-08-03,Manitoba,-1
144,2020-07-03,Manitoba,-1
148,2020-03-03,Manitoba,-1
152,2020-02-28,Manitoba,-1
156,2020-02-24,Manitoba,-1
160,2020-02-20,Manitoba,-1
164,2020-02-16,Manitoba,-1
168,2020-12-02,Manitoba,-1
172,2020-04-04,New Brunswick,28
176,2020-03-31,New Brunswick,9
180,2020-03-27,New Brunswick,1
184,2020-03-23,New Brunswick,0
188,2020-03-19,New Brunswick,0
192,2020-03-15,New Brunswick,0
196,2020-11-03,New Brunswick,-1
200,2020-07-03,New Brunswick,-1
204,2020-03-03,New Brunswick,-1
208,2020-02-28,New Brunswick,-1
212,2020-02-24,New Brunswick,-1
216,2020-02-20,New Brunswick,-1
220,2020-02-16,New Brunswick,-1
224,2020-12-02,New Brunswick,-1
228,2020-04-04,NL,18
232,2020-03-31,NL,7
236,2020-03-27,NL,1
240,2020-03-23,NL,0
244,2020-03-19,NL,0
248,2020-03-15,NL,0
252,2020-11-03,NL,-1
256,2020-07-03,NL,-1
260,2020-03-03,NL,-1
264,2020-02-28,NL,-1
268,2020-02-24,NL,-1
272,2020-02-20,NL,-1
276,2020-02-16,NL,-1
280,2020-12-02,NL,-1
284,2020-04-04,Nova Scotia,50
288,2020-03-31,Nova Scotia,10
292,2020-03-27,Nova Scotia,3
296,2020-03-23,Nova Scotia,0
300,2020-03-19,Nova Scotia,0
304,2020-03-15,Nova Scotia,0
308,2020-11-03,Nova Scotia,-1
312,2020-07-03,Nova Scotia,-1
316,2020-03-03,Nova Scotia,-1
320,2020-02-28,Nova Scotia,-1
324,2020-02-24,Nova Scotia,-1
328,2020-02-20,Nova Scotia,-1
332,2020-02-16,Nova Scotia,-1
336,2020-12-02,Nova Scotia,-1
340,2020-04-04,Ontario,1219
344,2020-03-31,Ontario,534
348,2020-03-27,Ontario,8
352,2020-03-23,Ontario,8
356,2020-03-19,Ontario,5
360,2020-03-15,Ontario,5
364,2020-11-03,Ontario,5
368,2020-07-03,Ontario,4
372,2020-03-03,Ontario,3
376,2020-02-28,Ontario,3
380,2020-02-24,Ontario,3
384,2020-02-20,Ontario,2
388,2020-02-16,Ontario,1
392,2020-12-02,Ontario,1
396,2020-04-04,PEI,6
400,2020-03-31,PEI,1
404,2020-03-27,PEI,1
408,2020-03-23,PEI,0
412,2020-03-19,PEI,0
416,2020-03-15,PEI,0
420,2020-11-03,PEI,-1
424,2020-07-03,PEI,-1
428,2020-03-03,PEI,-1
432,2020-02-28,PEI,-1
436,2020-02-24,PEI,-1
440,2020-02-20,PEI,-1
444,2020-02-16,PEI,-1
448,2020-12-02,PEI,-1
452,2020-04-04,Quebec,437
456,2020-03-31,Quebec,84
460,2020-03-27,Quebec,29
464,2020-03-23,Quebec,1
468,2020-03-19,Quebec,1
472,2020-03-15,Quebec,0
476,2020-11-03,Quebec,0
480,2020-07-03,Quebec,0
484,2020-03-03,Quebec,0
488,2020-02-28,Quebec,0
492,2020-02-24,Quebec,-1
496,2020-02-20,Quebec,-1
500,2020-02-16,Quebec,-1
504,2020-12-02,Quebec,-1
508,2020-04-04,Saskatchewan,55
512,2020-03-31,Saskatchewan,21
516,2020-03-27,Saskatchewan,3
520,2020-03-23,Saskatchewan,0
524,2020-03-19,Saskatchewan,0
528,2020-03-15,Saskatchewan,0
532,2020-11-03,Saskatchewan,-1
536,2020-07-03,Saskatchewan,-1
540,2020-03-03,Saskatchewan,-1
544,2020-02-28,Saskatchewan,-1
548,2020-02-24,Saskatchewan,-1
552,2020-02-20,Saskatchewan,-1
556,2020-02-16,Saskatchewan,-1
560,2020-12-02,Saskatchewan,-1
564,2020-04-04,NWT,1
568,2020-03-31,NWT,0
572,2020-03-27,NWT,0
576,2020-03-23,NWT,0
580,2020-03-19,NWT,-1
584,2020-03-15,NWT,-1
588,2020-11-03,NWT,-1
592,2020-07-03,NWT,-1
596,2020-03-03,NWT,-1
600,2020-02-28,NWT,-1
604,2020-02-24,NWT,-1
608,2020-02-20,NWT,-1
612,2020-02-16,NWT,-1
616,2020-12-02,NWT,-1
620,2020-04-04,Nunavut,-1
624,2020-03-31,Nunavut,-1
628,2020-03-27,Nunavut,-1
632,2020-03-23,Nunavut,-1
636,2020-03-19,Nunavut,-1
640,2020-03-15,Nunavut,-1
644,2020-11-03,Nunavut,-1
648,2020-07-03,Nunavut,-1
652,2020-03-03,Nunavut,-1
656,2020-02-28,Nunavut,-1
660,2020-02-24,Nunavut,-1
664,2020-02-20,Nunavut,-1
668,2020-02-16,Nunavut,-1
672,2020-12-02,Nunavut,-1
676,2020-04-04,Yukon,4
680,2020-03-31,Yukon,0
684,2020-03-27,Yukon,0
688,2020-03-23,Yukon,0
692,2020-03-19,Yukon,-1
145,2020-06-03,Manitoba,-1
149,2020-02-03,Manitoba,-1
153,2020-02-27,Manitoba,-1
157,2020-02-23,Manitoba,-1
161,2020-02-19,Manitoba,-1
165,2020-02-15,Manitoba,-1
169,2020-07-04,New Brunswick,39
173,2020-03-04,New Brunswick,25
177,2020-03-30,New Brunswick,2
181,2020-03-26,New Brunswick,0
185,2020-03-22,New Brunswick,0
189,2020-03-18,New Brunswick,0
193,2020-03-14,New Brunswick,0
197,2020-10-03,New Brunswick,-1
201,2020-06-03,New Brunswick,-1
205,2020-02-03,New Brunswick,-1
209,2020-02-27,New Brunswick,-1
213,2020-02-23,New Brunswick,-1
217,2020-02-19,New Brunswick,-1
221,2020-02-15,New Brunswick,-1
225,2020-07-04,NL,49
229,2020-03-04,NL,11
233,2020-03-30,NL,7
237,2020-03-26,NL,0
241,2020-03-22,NL,0
245,2020-03-18,NL,0
249,2020-03-14,NL,0
253,2020-10-03,NL,-1
257,2020-06-03,NL,-1
261,2020-02-03,NL,-1
265,2020-02-27,NL,-1
269,2020-02-23,NL,-1
273,2020-02-19,NL,-1
277,2020-02-15,NL,-1
281,2020-07-04,Nova Scotia,66
285,2020-03-04,Nova Scotia,21
289,2020-03-30,Nova Scotia,10
293,2020-03-26,Nova Scotia,2
297,2020-03-22,Nova Scotia,0
301,2020-03-18,Nova Scotia,0
305,2020-03-14,Nova Scotia,-1
309,2020-10-03,Nova Scotia,-1
313,2020-06-03,Nova Scotia,-1
317,2020-02-03,Nova Scotia,-1
321,2020-02-27,Nova Scotia,-1
325,2020-02-23,Nova Scotia,-1
329,2020-02-19,Nova Scotia,-1
333,2020-02-15,Nova Scotia,-1
337,2020-07-04,Ontario,1802
341,2020-03-04,Ontario,1023
345,2020-03-30,Ontario,431
349,2020-03-26,Ontario,8
353,2020-03-22,Ontario,8
357,2020-03-18,Ontario,5
361,2020-03-14,Ontario,5
365,2020-10-03,Ontario,5
369,2020-06-03,Ontario,4
373,2020-02-03,Ontario,3
377,2020-02-27,Ontario,3
381,2020-02-23,Ontario,3
385,2020-02-19,Ontario,1
389,2020-02-15,Ontario,1
393,2020-07-04,PEI,8
397,2020-03-04,PEI,4
401,2020-03-30,PEI,1
405,2020-03-26,PEI,1
409,2020-03-22,PEI,0
413,2020-03-18,PEI,0
417,2020-03-14,PEI,0
421,2020-10-03,PEI,-1
425,2020-06-03,PEI,-1
429,2020-02-03,PEI,-1
433,2020-02-27,PEI,-1
437,2020-02-23,PEI,-1
441,2020-02-19,PEI,-1
445,2020-02-15,PEI,-1
449,2020-07-04,Quebec,720
453,2020-03-04,Quebec,306
457,2020-03-30,Quebec,84
461,2020-03-26,Quebec,1
465,2020-03-22,Quebec,1
469,2020-03-18,Quebec,1
473,2020-03-14,Quebec,0
477,2020-10-03,Quebec,0
481,2020-06-03,Quebec,0
485,2020-02-03,Quebec,0
489,2020-02-27,Quebec,0
493,2020-02-23,Quebec,-1
497,2020-02-19,Quebec,-1
501,2020-02-15,Quebec,-1
505,2020-07-04,Saskatchewan,88
509,2020-03-04,Saskatchewan,48
513,2020-03-30,Saskatchewan,14
517,2020-03-26,Saskatchewan,3
521,2020-03-22,Saskatchewan,0
525,2020-03-18,Saskatchewan,0
529,2020-03-14,Saskatchewan,0
533,2020-10-03,Saskatchewan,-1
537,2020-06-03,Saskatchewan,-1
541,2020-02-03,Saskatchewan,-1
545,2020-02-27,Saskatchewan,-1
549,2020-02-23,Saskatchewan,-1
553,2020-02-19,Saskatchewan,-1
557,2020-02-15,Saskatchewan,-1
561,2020-07-04,NWT,1
565,2020-03-04,NWT,1
569,2020-03-30,NWT,0
573,2020-03-26,NWT,0
577,2020-03-22,NWT,0
581,2020-03-18,NWT,-1
585,2020-03-14,NWT,-1
589,2020-10-03,NWT,-1
593,2020-06-03,NWT,-1
597,2020-02-03,NWT,-1
601,2020-02-27,NWT,-1
605,2020-02-23,NWT,-1
609,2020-02-19,NWT,-1
613,2020-02-15,NWT,-1
617,2020-07-04,Nunavut,-1
621,2020-03-04,Nunavut,-1
625,2020-03-30,Nunavut,-1
629,2020-03-26,Nunavut,-1
633,2020-03-22,Nunavut,-1
637,2020-03-18,Nunavut,-1
641,2020-03-14,Nunavut,-1
645,2020-10-03,Nunavut,-1
649,2020-06-03,Nunavut,-1
653,2020-02-03,Nunavut,-1
657,2020-02-27,Nunavut,-1
661,2020-02-23,Nunavut,-1
665,2020-02-19,Nunavut,-1
669,2020-02-15,Nunavut,-1
673,2020-07-04,Yukon,4
677,2020-03-04,Yukon,4
681,2020-03-30,Yukon,0
685,2020-03-26,Yukon,0
689,2020-03-22,Yukon,-1
693,2020-03-18,Yukon,-1
146,2020-05-03,Manitoba,-1
150,2020-01-03,Manitoba,-1
154,2020-02-26,Manitoba,-1
158,2020-02-22,Manitoba,-1
162,2020-02-18,Manitoba,-1
166,2020-02-14,Manitoba,-1
170,2020-06-04,New Brunswick,30
174,2020-02-04,New Brunswick,22
178,2020-03-29,New Brunswick,2
182,2020-03-25,New Brunswick,0
186,2020-03-21,New Brunswick,0
190,2020-03-17,New Brunswick,0
194,2020-03-13,New Brunswick,0
198,2020-09-03,New Brunswick,-1
202,2020-05-03,New Brunswick,-1
206,2020-01-03,New Brunswick,-1
210,2020-02-26,New Brunswick,-1
214,2020-02-22,New Brunswick,-1
218,2020-02-18,New Brunswick,-1
222,2020-02-14,New Brunswick,-1
226,2020-06-04,NL,32
230,2020-02-04,NL,10
234,2020-03-29,NL,4
238,2020-03-25,NL,0
242,2020-03-21,NL,0
246,2020-03-17,NL,0
250,2020-03-13,NL,-1
254,2020-09-03,NL,-1
258,2020-05-03,NL,-1
262,2020-01-03,NL,-1
266,2020-02-26,NL,-1
270,2020-02-22,NL,-1
274,2020-02-18,NL,-1
278,2020-02-14,NL,-1
282,2020-06-04,Nova Scotia,64
286,2020-02-04,Nova Scotia,16
290,2020-03-29,Nova Scotia,7
294,2020-03-25,Nova Scotia,2
298,2020-03-21,Nova Scotia,0
302,2020-03-17,Nova Scotia,0
306,2020-03-13,Nova Scotia,-1
310,2020-09-03,Nova Scotia,-1
314,2020-05-03,Nova Scotia,-1
318,2020-01-03,Nova Scotia,-1
322,2020-02-26,Nova Scotia,-1
326,2020-02-22,Nova Scotia,-1
330,2020-02-18,Nova Scotia,-1
334,2020-02-14,Nova Scotia,-1
338,2020-06-04,Ontario,1624
342,2020-02-04,Ontario,831
346,2020-03-29,Ontario,8
350,2020-03-25,Ontario,8
354,2020-03-21,Ontario,6
358,2020-03-17,Ontario,5
362,2020-03-13,Ontario,5
366,2020-09-03,Ontario,5
370,2020-05-03,Ontario,4
374,2020-01-03,Ontario,3
378,2020-02-26,Ontario,3
382,2020-02-22,Ontario,3
386,2020-02-18,Ontario,1
390,2020-02-14,Ontario,1
394,2020-06-04,PEI,8
398,2020-02-04,PEI,3
402,2020-03-29,PEI,1
406,2020-03-25,PEI,0
410,2020-03-21,PEI,0
414,2020-03-17,PEI,0
418,2020-03-13,PEI,-1
422,2020-09-03,PEI,-1
426,2020-05-03,PEI,-1
430,2020-01-03,PEI,-1
434,2020-02-26,PEI,-1
438,2020-02-22,PEI,-1
442,2020-02-18,PEI,-1
446,2020-02-14,PEI,-1
450,2020-06-04,Quebec,611
454,2020-02-04,Quebec,224
458,2020-03-29,Quebec,84
462,2020-03-25,Quebec,1
466,2020-03-21,Quebec,1
470,2020-03-17,Quebec,0
474,2020-03-13,Quebec,0
478,2020-09-03,Quebec,0
482,2020-05-03,Quebec,0
486,2020-01-03,Quebec,0
490,2020-02-26,Quebec,-1
494,2020-02-22,Quebec,-1
498,2020-02-18,Quebec,-1
502,2020-02-14,Quebec,-1
506,2020-06-04,Saskatchewan,81
510,2020-02-04,Saskatchewan,36
514,2020-03-29,Saskatchewan,8
518,2020-03-25,Saskatchewan,0
522,2020-03-21,Saskatchewan,0
526,2020-03-17,Saskatchewan,0
530,2020-03-13,Saskatchewan,0
534,2020-09-03,Saskatchewan,-1
538,2020-05-03,Saskatchewan,-1
542,2020-01-03,Saskatchewan,-1
546,2020-02-26,Saskatchewan,-1
550,2020-02-22,Saskatchewan,-1
554,2020-02-18,Saskatchewan,-1
558,2020-02-14,Saskatchewan,-1
562,2020-06-04,NWT,1
566,2020-02-04,NWT,0
570,2020-03-29,NWT,0
574,2020-03-25,NWT,0
578,2020-03-21,NWT,0
582,2020-03-17,NWT,-1
586,2020-03-13,NWT,-1
590,2020-09-03,NWT,-1
594,2020-05-03,NWT,-1
598,2020-01-03,NWT,-1
602,2020-02-26,NWT,-1
606,2020-02-22,NWT,-1
610,2020-02-18,NWT,-1
614,2020-02-14,NWT,-1
618,2020-06-04,Nunavut,-1
622,2020-02-04,Nunavut,-1
626,2020-03-29,Nunavut,-1
630,2020-03-25,Nunavut,-1
634,2020-03-21,Nunavut,-1
638,2020-03-17,Nunavut,-1
642,2020-03-13,Nunavut,-1
646,2020-09-03,Nunavut,-1
650,2020-05-03,Nunavut,-1
654,2020-01-03,Nunavut,-1
658,2020-02-26,Nunavut,-1
662,2020-02-22,Nunavut,-1
666,2020-02-18,Nunavut,-1
670,2020-02-14,Nunavut,-1
674,2020-06-04,Yukon,4
678,2020-02-04,Yukon,3
682,2020-03-29,Yukon,0
686,2020-03-25,Yukon,0
690,2020-03-21,Yukon,-1
694,2020-03-17,Yukon,-1
147,2020-04-03,Manitoba,-1
151,2020-02-29,Manitoba,-1
155,2020-02-25,Manitoba,-1
159,2020-02-21,Manitoba,-1
163,2020-02-17,Manitoba,-1
167,2020-02-13,Manitoba,-1
171,2020-05-04,New Brunswick,28
175,2020-01-04,New Brunswick,14
179,2020-03-28,New Brunswick,2
183,2020-03-24,New Brunswick,0
187,2020-03-20,New Brunswick,0
191,2020-03-16,New Brunswick,0
195,2020-12-03,New Brunswick,0
199,2020-08-03,New Brunswick,-1
203,2020-04-03,New Brunswick,-1
207,2020-02-29,New Brunswick,-1
211,2020-02-25,New Brunswick,-1
215,2020-02-21,New Brunswick,-1
219,2020-02-17,New Brunswick,-1
223,2020-02-13,New Brunswick,-1
227,2020-05-04,NL,28
231,2020-01-04,NL,10
235,2020-03-28,NL,4
239,2020-03-24,NL,0
243,2020-03-20,NL,0
247,2020-03-16,NL,0
251,2020-12-03,NL,-1
255,2020-08-03,NL,-1
259,2020-04-03,NL,-1
263,2020-02-29,NL,-1
267,2020-02-25,NL,-1
271,2020-02-21,NL,-1
275,2020-02-17,NL,-1
279,2020-02-13,NL,-1
283,2020-05-04,Nova Scotia,53
287,2020-01-04,Nova Scotia,11
291,2020-03-28,Nova Scotia,4
295,2020-03-24,Nova Scotia,1
299,2020-03-20,Nova Scotia,0
303,2020-03-16,Nova Scotia,0
307,2020-12-03,Nova Scotia,-1
311,2020-08-03,Nova Scotia,-1
315,2020-04-03,Nova Scotia,-1
319,2020-02-29,Nova Scotia,-1
323,2020-02-25,Nova Scotia,-1
327,2020-02-21,Nova Scotia,-1
331,2020-02-17,Nova Scotia,-1
335,2020-02-13,Nova Scotia,-1
339,2020-05-04,Ontario,1449
343,2020-01-04,Ontario,689
347,2020-03-28,Ontario,8
351,2020-03-24,Ontario,8
355,2020-03-20,Ontario,5
359,2020-03-16,Ontario,5
363,2020-12-03,Ontario,5
367,2020-08-03,Ontario,4
371,2020-04-03,Ontario,3
375,2020-02-29,Ontario,3
379,2020-02-25,Ontario,3
383,2020-02-21,Ontario,3
387,2020-02-17,Ontario,1
391,2020-02-13,Ontario,1
395,2020-05-04,PEI,6
399,2020-01-04,PEI,3
403,2020-03-28,PEI,1
407,2020-03-24,PEI,0
411,2020-03-20,PEI,0
415,2020-03-16,PEI,0
419,2020-12-03,PEI,-1
423,2020-08-03,PEI,-1
427,2020-04-03,PEI,-1
431,2020-02-29,PEI,-1
435,2020-02-25,PEI,-1
439,2020-02-21,PEI,-1
443,2020-02-17,PEI,-1
447,2020-02-13,PEI,-1
451,2020-05-04,Quebec,464
455,2020-01-04,Quebec,155
459,2020-03-28,Quebec,29
463,2020-03-24,Quebec,1
467,2020-03-20,Quebec,1
471,2020-03-16,Quebec,0
475,2020-12-03,Quebec,0
479,2020-08-03,Quebec,0
483,2020-04-03,Quebec,0
487,2020-02-29,Quebec,0
491,2020-02-25,Quebec,-1
495,2020-02-21,Quebec,-1
499,2020-02-17,Quebec,-1
503,2020-02-13,Quebec,-1
507,2020-05-04,Saskatchewan,67
511,2020-01-04,Saskatchewan,30
515,2020-03-28,Saskatchewan,4
519,2020-03-24,Saskatchewan,0
523,2020-03-20,Saskatchewan,0
527,2020-03-16,Saskatchewan,0
531,2020-12-03,Saskatchewan,0
535,2020-08-03,Saskatchewan,-1
539,2020-04-03,Saskatchewan,-1
543,2020-02-29,Saskatchewan,-1
547,2020-02-25,Saskatchewan,-1
551,2020-02-21,Saskatchewan,-1
555,2020-02-17,Saskatchewan,-1
559,2020-02-13,Saskatchewan,-1
563,2020-05-04,NWT,1
567,2020-01-04,NWT,0
571,2020-03-28,NWT,0
575,2020-03-24,NWT,0
579,2020-03-20,NWT,-1
583,2020-03-16,NWT,-1
587,2020-12-03,NWT,-1
591,2020-08-03,NWT,-1
595,2020-04-03,NWT,-1
599,2020-02-29,NWT,-1
603,2020-02-25,NWT,-1
607,2020-02-21,NWT,-1
611,2020-02-17,NWT,-1
615,2020-02-13,NWT,-1
619,2020-05-04,Nunavut,-1
623,2020-01-04,Nunavut,-1
627,2020-03-28,Nunavut,-1
631,2020-03-24,Nunavut,-1
635,2020-03-20,Nunavut,-1
639,2020-03-16,Nunavut,-1
643,2020-12-03,Nunavut,-1
647,2020-08-03,Nunavut,-1
651,2020-04-03,Nunavut,-1
655,2020-02-29,Nunavut,-1
659,2020-02-25,Nunavut,-1
663,2020-02-21,Nunavut,-1
667,2020-02-17,Nunavut,-1
671,2020-02-13,Nunavut,-1
675,2020-05-04,Yukon,4
679,2020-01-04,Yukon,3
683,2020-03-28,Yukon,0
687,2020-03-24,Yukon,0
691,2020-03-20,Yukon,-1
695,2020-03-16,Yukon,-1
696,2020-03-15,Yukon,-1
700,2020-11-03,Yukon,-1
704,2020-07-03,Yukon,-1
708,2020-03-03,Yukon,-1
712,2020-02-28,Yukon,-1
716,2020-02-24,Yukon,-1
720,2020-02-20,Yukon,-1
724,2020-02-16,Yukon,-1
728,2020-12-02,Yukon,-1
697,2020-03-14,Yukon,-1
701,2020-10-03,Yukon,-1
705,2020-06-03,Yukon,-1
709,2020-02-03,Yukon,-1
713,2020-02-27,Yukon,-1
717,2020-02-23,Yukon,-1
721,2020-02-19,Yukon,-1
725,2020-02-15,Yukon,-1
698,2020-03-13,Yukon,-1
702,2020-09-03,Yukon,-1
706,2020-05-03,Yukon,-1
710,2020-01-03,Yukon,-1
714,2020-02-26,Yukon,-1
718,2020-02-22,Yukon,-1
722,2020-02-18,Yukon,-1
726,2020-02-14,Yukon,-1
699,2020-12-03,Yukon,-1
703,2020-08-03,Yukon,-1
707,2020-04-03,Yukon,-1
711,2020-02-29,Yukon,-1
715,2020-02-25,Yukon,-1
719,2020-02-21,Yukon,-1
723,2020-02-17,Yukon,-1
727,2020-02-13,Yukon,-1
729,2020-09-04,Alberta,592
730,2020-09-04,Alberta,592
731,2020-08-04,Alberta,519
732,2020-08-04,Alberta,519
733,2020-09-04,BC,858
734,2020-09-04,BC,858
735,2020-08-04,BC,838
736,2020-08-04,BC,838
737,2020-09-04,Manitoba,76
738,2020-08-04,Manitoba,69
739,2020-08-04,Manitoba,69
740,2020-09-04,New Brunswick,53
741,2020-08-04,New Brunswick,50
742,2020-09-04,NL,96
743,2020-09-04,NL,96
744,2020-08-04,NL,74
745,2020-08-04,NL,74
746,2020-09-04,Nova Scotia,82
747,2020-08-04,Nova Scotia,77
748,2020-09-04,Ontario,2305
749,2020-08-04,Ontario,2074
750,2020-09-04,PEI,17
751,2020-09-04,PEI,17
752,2020-08-04,PEI,17
753,2020-08-04,PEI,17
754,2020-09-04,Quebec,1112
755,2020-09-04,Quebec,1112
756,2020-08-04,Quebec,827
757,2020-08-04,Quebec,827
758,2020-09-04,Saskatchewan,115
759,2020-08-04,Saskatchewan,103
760,2020-09-04,NWT,1
761,2020-08-04,NWT,1
762,2020-08-04,NWT,1
763,2020-09-04,Nunavut,-1
764,2020-08-04,Nunavut,-1
765,2020-08-04,Nunavut,-1
766,2020-09-04,Yukon,4
767,2020-08-04,Yukon,4
768,2020-08-04,Yukon,4
769,2020-04-10,Alberta,713
770,2020-04-10,Alberta,713
771,2020-04-09,Alberta,592
772,2020-04-09,Alberta,592
773,2020-04-08,Alberta,519
774,2020-04-08,Alberta,519
775,2020-04-07,Alberta,447
776,2020-04-07,Alberta,447
777,2020-04-06,Alberta,361
778,2020-04-06,Alberta,361
779,2020-04-05,Alberta,279
780,2020-04-05,Alberta,279
781,2020-04-02,Alberta,174
782,2020-04-02,Alberta,174
783,2020-04-01,Alberta,142
784,2020-04-01,Alberta,142
785,2020-03-12,Alberta,0
786,2020-03-12,Alberta,0
787,2020-03-11,Alberta,0
788,2020-03-11,Alberta,0
789,2020-03-10,Alberta,0
790,2020-03-10,Alberta,0
791,2020-03-09,Alberta,0
792,2020-03-09,Alberta,0
793,2020-03-08,Alberta,0
794,2020-03-07,Alberta,0
795,2020-03-07,Alberta,0
796,2020-03-06,Alberta,0
797,2020-03-06,Alberta,0
798,2020-03-05,Alberta,0
799,2020-03-05,Alberta,0
800,2020-03-02,Alberta,-1
801,2020-03-02,Alberta,-1
802,2020-03-01,Alberta,-1
803,2020-03-01,Alberta,-1
804,2020-02-12,Alberta,-1
805,2020-04-10,BC,879
806,2020-04-10,BC,879
807,2020-04-09,BC,858
808,2020-04-09,BC,858
809,2020-04-08,BC,838
810,2020-04-08,BC,838
811,2020-04-07,BC,805
812,2020-04-07,BC,805
813,2020-04-06,BC,783
814,2020-04-06,BC,783
815,2020-04-05,BC,704
816,2020-04-05,BC,704
817,2020-04-02,BC,641
818,2020-04-02,BC,641
819,2020-04-01,BC,606
820,2020-04-01,BC,606
821,2020-03-12,BC,4
822,2020-03-12,BC,4
823,2020-03-11,BC,4
824,2020-03-11,BC,4
825,2020-03-10,BC,4
826,2020-03-10,BC,4
827,2020-03-09,BC,4
828,2020-03-09,BC,4
829,2020-03-08,BC,4
830,2020-03-08,BC,4
831,2020-03-07,BC,4
832,2020-03-07,BC,4
833,2020-03-06,BC,4
834,2020-03-06,BC,4
835,2020-03-05,BC,4
836,2020-03-05,BC,4
837,2020-03-02,BC,4
838,2020-03-02,BC,4
839,2020-03-01,BC,4
840,2020-03-01,BC,4
841,2020-02-12,BC,0
842,2020-04-10,Manitoba,92
843,2020-04-10,Manitoba,92
844,2020-04-09,Manitoba,76
845,2020-04-09,Manitoba,76
846,2020-04-08,Manitoba,69
847,2020-04-08,Manitoba,69
848,2020-04-07,Manitoba,21
849,2020-04-07,Manitoba,21
850,2020-04-06,Manitoba,17
851,2020-04-06,Manitoba,17
852,2020-04-05,Manitoba,17
853,2020-04-05,Manitoba,17
854,2020-04-02,Manitoba,11
855,2020-04-02,Manitoba,11
856,2020-04-01,Manitoba,4
857,2020-03-12,Manitoba,0
858,2020-03-12,Manitoba,0
859,2020-03-11,Manitoba,-1
860,2020-03-11,Manitoba,-1
861,2020-03-10,Manitoba,-1
862,2020-03-10,Manitoba,-1
863,2020-03-09,Manitoba,-1
869,2020-03-06,Manitoba,-1
878,2020-04-10,New Brunswick,60
883,2020-04-07,New Brunswick,39
891,2020-03-11,New Brunswick,-1
897,2020-03-08,New Brunswick,-1
902,2020-03-05,New Brunswick,-1
904,2020-03-02,New Brunswick,-1
912,2020-04-09,NL,96
917,2020-04-06,NL,32
929,2020-03-10,NL,-1
935,2020-03-07,NL,-1
942,2020-03-01,NL,-1
943,2020-02-12,NL,-1
949,2020-04-08,Nova Scotia,77
954,2020-04-05,Nova Scotia,53
957,2020-04-02,Nova Scotia,16
959,2020-03-12,Nova Scotia,-1
965,2020-03-09,Nova Scotia,-1
971,2020-03-06,Nova Scotia,-1
982,2020-04-10,Ontario,2574
988,2020-04-07,Ontario,1802
996,2020-04-01,Ontario,689
1000,2020-03-11,Ontario,5
1006,2020-03-08,Ontario,4
1011,2020-03-05,Ontario,4
1014,2020-03-02,Ontario,3
1022,2020-04-09,PEI,17
1028,2020-04-06,PEI,8
1039,2020-03-10,PEI,-1
1045,2020-03-07,PEI,-1
1052,2020-03-01,PEI,-1
1054,2020-02-12,PEI,-1
1060,2020-04-08,Quebec,827
1066,2020-04-05,Quebec,464
1068,2020-04-02,Quebec,224
1072,2020-03-12,Quebec,0
1076,2020-03-09,Quebec,0
1082,2020-03-06,Quebec,0
1093,2020-04-10,Saskatchewan,136
1099,2020-04-07,Saskatchewan,88
1107,2020-04-01,Saskatchewan,30
1109,2020-03-11,Saskatchewan,-1
1115,2020-03-08,Saskatchewan,-1
1120,2020-03-05,Saskatchewan,-1
1122,2020-03-02,Saskatchewan,-1
1130,2020-04-09,NWT,1
1135,2020-04-06,NWT,1
1144,2020-03-10,NWT,-1
1150,2020-03-07,NWT,-1
1158,2020-03-01,NWT,-1
1160,2020-02-12,NWT,-1
1167,2020-04-08,Nunavut,-1
1172,2020-04-05,Nunavut,-1
1175,2020-04-02,Nunavut,-1
1195,2020-04-10,Yukon,4
1201,2020-04-07,Yukon,4
1208,2020-04-01,Yukon,3
1211,2020-03-11,Yukon,-1
1217,2020-03-08,Yukon,-1
1223,2020-03-05,Yukon,-1
1225,2020-03-02,Yukon,-1
864,2020-03-09,Manitoba,-1
870,2020-03-06,Manitoba,-1
884,2020-04-07,New Brunswick,39
889,2020-04-01,New Brunswick,14
892,2020-03-11,New Brunswick,-1
898,2020-03-08,New Brunswick,-1
903,2020-03-05,New Brunswick,-1
905,2020-03-02,New Brunswick,-1
918,2020-04-06,NL,32
930,2020-03-10,NL,-1
936,2020-03-07,NL,-1
948,2020-04-08,Nova Scotia,77
955,2020-04-05,Nova Scotia,53
956,2020-04-02,Nova Scotia,16
960,2020-03-12,Nova Scotia,-1
966,2020-03-09,Nova Scotia,-1
972,2020-03-06,Nova Scotia,-1
981,2020-04-10,Ontario,2574
987,2020-04-07,Ontario,1802
995,2020-04-01,Ontario,689
999,2020-03-11,Ontario,5
1005,2020-03-08,Ontario,4
1012,2020-03-05,Ontario,4
1013,2020-03-02,Ontario,3
1021,2020-04-09,PEI,17
1027,2020-04-06,PEI,8
1040,2020-03-10,PEI,-1
1046,2020-03-07,PEI,-1
1053,2020-03-01,PEI,-1
1055,2020-02-12,PEI,-1
1061,2020-04-08,Quebec,827
1067,2020-04-05,Quebec,464
1069,2020-04-02,Quebec,224
1077,2020-03-09,Quebec,0
1083,2020-03-06,Quebec,0
1092,2020-04-10,Saskatchewan,136
1098,2020-04-07,Saskatchewan,88
1106,2020-04-01,Saskatchewan,30
1110,2020-03-11,Saskatchewan,-1
1116,2020-03-08,Saskatchewan,-1
1121,2020-03-05,Saskatchewan,-1
1123,2020-03-02,Saskatchewan,-1
1131,2020-04-09,NWT,1
1145,2020-03-10,NWT,-1
1151,2020-03-07,NWT,-1
1159,2020-03-01,NWT,-1
1161,2020-02-12,NWT,-1
1166,2020-04-08,Nunavut,-1
1173,2020-04-05,Nunavut,-1
1174,2020-04-02,Nunavut,-1
1178,2020-03-12,Nunavut,-1
1181,2020-03-09,Nunavut,-1
1186,2020-03-06,Nunavut,-1
1194,2020-04-10,Yukon,4
1200,2020-04-07,Yukon,4
1207,2020-04-01,Yukon,3
1212,2020-03-11,Yukon,-1
1218,2020-03-08,Yukon,-1
1224,2020-03-05,Yukon,-1
1226,2020-03-02,Yukon,-1
865,2020-03-08,Manitoba,-1
871,2020-03-05,Manitoba,-1
873,2020-03-02,Manitoba,-1
880,2020-04-09,New Brunswick,53
885,2020-04-06,New Brunswick,30
893,2020-03-10,New Brunswick,-1
899,2020-03-07,New Brunswick,-1
906,2020-03-01,New Brunswick,-1
908,2020-02-12,New Brunswick,-1
913,2020-04-08,NL,74
919,2020-04-05,NL,28
921,2020-04-02,NL,10
925,2020-03-12,NL,-1
931,2020-03-09,NL,-1
937,2020-03-06,NL,-1
944,2020-04-10,Nova Scotia,93
951,2020-04-07,Nova Scotia,66
961,2020-03-11,Nova Scotia,-1
967,2020-03-08,Nova Scotia,-1
973,2020-03-05,Nova Scotia,-1
975,2020-03-02,Nova Scotia,-1
984,2020-04-09,Ontario,2305
990,2020-04-06,Ontario,1624
1002,2020-03-10,Ontario,5
1008,2020-03-07,Ontario,4
1016,2020-03-01,Ontario,3
1018,2020-02-12,Ontario,1
1024,2020-04-08,PEI,17
1030,2020-04-05,PEI,6
1031,2020-04-02,PEI,3
1035,2020-03-12,PEI,-1
1041,2020-03-09,PEI,-1
1047,2020-03-06,PEI,-1
1056,2020-04-10,Quebec,1341
1062,2020-04-07,Quebec,720
1070,2020-04-01,Quebec,155
1073,2020-03-11,Quebec,0
1078,2020-03-08,Quebec,0
1084,2020-03-05,Quebec,0
1086,2020-03-02,Quebec,0
1095,2020-04-09,Saskatchewan,115
1101,2020-04-06,Saskatchewan,81
1111,2020-03-10,Saskatchewan,-1
1117,2020-03-07,Saskatchewan,-1
1124,2020-03-01,Saskatchewan,-1
1126,2020-02-12,Saskatchewan,-1
1132,2020-04-08,NWT,1
1136,2020-04-05,NWT,1
1137,2020-04-02,NWT,0
1141,2020-03-12,NWT,-1
1146,2020-03-09,NWT,-1
1152,2020-03-06,NWT,-1
1162,2020-04-10,Nunavut,-1
1168,2020-04-07,Nunavut,-1
1176,2020-04-01,Nunavut,-1
1183,2020-03-08,Nunavut,-1
1188,2020-03-05,Nunavut,-1
1190,2020-03-02,Nunavut,-1
1197,2020-04-09,Yukon,4
1213,2020-03-10,Yukon,-1
1219,2020-03-07,Yukon,-1
1227,2020-03-01,Yukon,-1
1229,2020-02-12,Yukon,-1
866,2020-03-08,Manitoba,-1
872,2020-03-05,Manitoba,-1
874,2020-03-02,Manitoba,-1
879,2020-04-09,New Brunswick,53
894,2020-03-10,New Brunswick,-1
907,2020-03-01,New Brunswick,-1
909,2020-02-12,New Brunswick,-1
914,2020-04-08,NL,74
920,2020-04-05,NL,28
922,2020-04-02,NL,10
926,2020-03-12,NL,-1
932,2020-03-09,NL,-1
938,2020-03-06,NL,-1
945,2020-04-10,Nova Scotia,93
950,2020-04-07,Nova Scotia,66
958,2020-04-01,Nova Scotia,11
962,2020-03-11,Nova Scotia,-1
968,2020-03-08,Nova Scotia,-1
974,2020-03-05,Nova Scotia,-1
976,2020-03-02,Nova Scotia,-1
983,2020-04-09,Ontario,2305
989,2020-04-06,Ontario,1624
1001,2020-03-10,Ontario,5
1007,2020-03-07,Ontario,4
1015,2020-03-01,Ontario,3
1017,2020-02-12,Ontario,1
1023,2020-04-08,PEI,17
1029,2020-04-05,PEI,6
1032,2020-04-02,PEI,3
1036,2020-03-12,PEI,-1
1042,2020-03-09,PEI,-1
1057,2020-04-10,Quebec,1341
1063,2020-04-07,Quebec,720
1071,2020-04-01,Quebec,155
1079,2020-03-08,Quebec,0
1085,2020-03-05,Quebec,0
1087,2020-03-02,Quebec,0
1094,2020-04-09,Saskatchewan,115
1100,2020-04-06,Saskatchewan,81
1112,2020-03-10,Saskatchewan,-1
1125,2020-03-01,Saskatchewan,-1
1127,2020-02-12,Saskatchewan,-1
1133,2020-04-08,NWT,1
1138,2020-04-02,NWT,0
1147,2020-03-09,NWT,-1
1153,2020-03-06,NWT,-1
1163,2020-04-10,Nunavut,-1
1169,2020-04-07,Nunavut,-1
1177,2020-04-01,Nunavut,-1
1179,2020-03-11,Nunavut,-1
1182,2020-03-08,Nunavut,-1
1187,2020-03-05,Nunavut,-1
1189,2020-03-02,Nunavut,-1
1196,2020-04-09,Yukon,4
1202,2020-04-06,Yukon,4
1214,2020-03-10,Yukon,-1
1220,2020-03-07,Yukon,-1
1228,2020-03-01,Yukon,-1
1230,2020-02-12,Yukon,-1
867,2020-03-07,Manitoba,-1
875,2020-03-01,Manitoba,-1
877,2020-02-12,Manitoba,-1
881,2020-04-08,New Brunswick,50
886,2020-04-05,New Brunswick,28
890,2020-03-12,New Brunswick,0
895,2020-03-09,New Brunswick,-1
900,2020-03-06,New Brunswick,-1
910,2020-04-10,NL,103
915,2020-04-07,NL,49
923,2020-04-01,NL,10
928,2020-03-11,NL,-1
933,2020-03-08,NL,-1
939,2020-03-05,NL,-1
940,2020-03-02,NL,-1
946,2020-04-09,Nova Scotia,82
953,2020-04-06,Nova Scotia,64
963,2020-03-10,Nova Scotia,-1
969,2020-03-07,Nova Scotia,-1
977,2020-03-01,Nova Scotia,-1
980,2020-02-12,Nova Scotia,-1
986,2020-04-08,Ontario,2074
992,2020-04-05,Ontario,1449
994,2020-04-02,Ontario,831
998,2020-03-12,Ontario,5
1004,2020-03-09,Ontario,5
1010,2020-03-06,Ontario,4
1020,2020-04-10,PEI,17
1026,2020-04-07,PEI,8
1034,2020-04-01,PEI,3
1037,2020-03-11,PEI,-1
1043,2020-03-08,PEI,-1
1048,2020-03-05,PEI,-1
1050,2020-03-02,PEI,-1
1058,2020-04-09,Quebec,1112
1064,2020-04-06,Quebec,611
1074,2020-03-10,Quebec,0
1080,2020-03-07,Quebec,0
1088,2020-03-01,Quebec,0
1090,2020-02-12,Quebec,-1
1097,2020-04-08,Saskatchewan,103
1103,2020-04-05,Saskatchewan,67
1105,2020-04-02,Saskatchewan,36
1108,2020-03-12,Saskatchewan,0
1113,2020-03-09,Saskatchewan,-1
1118,2020-03-06,Saskatchewan,-1
1128,2020-04-10,NWT,1
1134,2020-04-07,NWT,1
1139,2020-04-01,NWT,0
1142,2020-03-11,NWT,-1
1148,2020-03-08,NWT,-1
1154,2020-03-05,NWT,-1
1156,2020-03-02,NWT,-1
1164,2020-04-09,Nunavut,-1
1170,2020-04-06,Nunavut,-1
1185,2020-03-07,Nunavut,-1
1192,2020-03-01,Nunavut,-1
1199,2020-04-08,Yukon,4
1204,2020-04-05,Yukon,4
1206,2020-04-02,Yukon,3
1210,2020-03-12,Yukon,-1
1215,2020-03-09,Yukon,-1
1221,2020-03-06,Yukon,-1
868,2020-03-07,Manitoba,-1
876,2020-03-01,Manitoba,-1
882,2020-04-08,New Brunswick,50
887,2020-04-05,New Brunswick,28
888,2020-04-02,New Brunswick,22
896,2020-03-09,New Brunswick,-1
901,2020-03-06,New Brunswick,-1
911,2020-04-10,NL,103
916,2020-04-07,NL,49
924,2020-04-01,NL,10
927,2020-03-11,NL,-1
934,2020-03-08,NL,-1
941,2020-03-02,NL,-1
947,2020-04-09,Nova Scotia,82
952,2020-04-06,Nova Scotia,64
964,2020-03-10,Nova Scotia,-1
970,2020-03-07,Nova Scotia,-1
978,2020-03-01,Nova Scotia,-1
979,2020-02-12,Nova Scotia,-1
985,2020-04-08,Ontario,2074
991,2020-04-05,Ontario,1449
993,2020-04-02,Ontario,831
997,2020-03-12,Ontario,5
1003,2020-03-09,Ontario,5
1009,2020-03-06,Ontario,4
1019,2020-04-10,PEI,17
1025,2020-04-07,PEI,8
1033,2020-04-01,PEI,3
1038,2020-03-11,PEI,-1
1044,2020-03-08,PEI,-1
1049,2020-03-05,PEI,-1
1051,2020-03-02,PEI,-1
1059,2020-04-09,Quebec,1112
1065,2020-04-06,Quebec,611
1075,2020-03-10,Quebec,0
1081,2020-03-07,Quebec,0
1089,2020-03-01,Quebec,0
1091,2020-02-12,Quebec,-1
1096,2020-04-08,Saskatchewan,103
1102,2020-04-05,Saskatchewan,67
1104,2020-04-02,Saskatchewan,36
1114,2020-03-09,Saskatchewan,-1
1119,2020-03-06,Saskatchewan,-1
1129,2020-04-10,NWT,1
1140,2020-04-01,NWT,0
1143,2020-03-11,NWT,-1
1149,2020-03-08,NWT,-1
1155,2020-03-05,NWT,-1
1157,2020-03-02,NWT,-1
1165,2020-04-09,Nunavut,-1
1171,2020-04-06,Nunavut,-1
1180,2020-03-10,Nunavut,-1
1184,2020-03-07,Nunavut,-1
1191,2020-03-01,Nunavut,-1
1193,2020-02-12,Nunavut,-1
1198,2020-04-08,Yukon,4
1203,2020-04-05,Yukon,4
1205,2020-04-02,Yukon,3
1209,2020-03-12,Yukon,-1
1216,2020-03-09,Yukon,-1
1222,2020-03-06,Yukon,-1
1231,2020-04-11,Alberta,774
1232,2020-04-11,BC,905
1233,2020-04-11,Manitoba,96
1234,2020-04-11,New Brunswick,70
1235,2020-04-11,NL,120
1236,2020-04-11,Nova Scotia,95
1237,2020-04-11,Ontario,2858
1238,2020-04-11,PEI,17
1239,2020-04-11,Quebec,1563
1240,2020-04-11,Saskatchewan,147
1241,2020-04-11,NWT,1
1242,2020-04-11,Nunavut,-1
1243,2020-04-11,Yukon,4
1244,2020-04-12,Alberta,823
1245,2020-04-12,BC,905
1246,2020-04-12,Manitoba,96
1247,2020-04-12,New Brunswick,70
1248,2020-04-12,NL,129
1249,2020-04-12,Nova Scotia,97
1250,2020-04-12,Ontario,3121
1251,2020-04-12,PEI,17
1252,2020-04-12,Quebec,1745
1253,2020-04-12,Saskatchewan,164
1254,2020-04-12,NWT,1
1255,2020-04-12,Nunavut,-1
1256,2020-04-12,Yukon,4
1257,2020-04-22,Alberta,1310
1258,2020-04-21,Alberta,1273
1259,2020-04-20,Alberta,1230
1260,2020-04-19,Alberta,1198
1261,2020-04-18,Alberta,1162
1262,2020-04-17,Alberta,1124
1263,2020-04-16,Alberta,914
1264,2020-04-15,Alberta,914
1265,2020-04-14,Alberta,914
1266,2020-04-13,Alberta,877
1267,2020-04-22,BC,1079
1268,2020-04-21,BC,1041
1269,2020-04-20,BC,1039
1270,2020-04-19,BC,987
1271,2020-04-18,BC,987
1272,2020-04-17,BC,966
1273,2020-04-16,BC,966
1274,2020-04-15,BC,955
1275,2020-04-14,BC,942
1276,2020-04-13,BC,926
1277,2020-04-22,Manitoba,154
1278,2020-04-21,Manitoba,150
1279,2020-04-20,Manitoba,144
1280,2020-04-19,Manitoba,143
1281,2020-04-18,Manitoba,140
1282,2020-04-17,Manitoba,132
1283,2020-04-16,Manitoba,121
1284,2020-04-15,Manitoba,108
1285,2020-04-14,Manitoba,99
1286,2020-04-13,Manitoba,99
1287,2020-04-22,New Brunswick,104
1288,2020-04-21,New Brunswick,102
1289,2020-04-20,New Brunswick,98
1290,2020-04-19,New Brunswick,92
1291,2020-04-18,New Brunswick,87
1292,2020-04-17,New Brunswick,83
1293,2020-04-16,New Brunswick,80
1294,2020-04-15,New Brunswick,77
1295,2020-04-14,New Brunswick,75
1296,2020-04-13,New Brunswick,74
1297,2020-04-22,NL,199
1298,2020-04-21,NL,194
1299,2020-04-20,NL,191
1300,2020-04-19,NL,191
1301,2020-04-18,NL,189
1302,2020-04-17,NL,176
1303,2020-04-16,NL,170
1304,2020-04-15,NL,159
1305,2020-04-14,NL,149
1306,2020-04-13,NL,133
1307,2020-04-22,Nova Scotia,330
1308,2020-04-21,Nova Scotia,286
1309,2020-04-20,Nova Scotia,248
1310,2020-04-19,Nova Scotia,200
1311,2020-04-18,Nova Scotia,184
1312,2020-04-17,Nova Scotia,177
1313,2020-04-16,Nova Scotia,176
1314,2020-04-15,Nova Scotia,137
1315,2020-04-14,Nova Scotia,124
1316,2020-04-13,Nova Scotia,101
1317,2020-04-22,Ontario,6221
1318,2020-04-21,Ontario,5806
1319,2020-04-20,Ontario,5515
1320,2020-04-19,Ontario,5209
1321,2020-04-18,Ontario,4875
1322,2020-04-17,Ontario,4556
1323,2020-04-16,Ontario,4194
1324,2020-04-15,Ontario,3902
1325,2020-04-14,Ontario,3568
1326,2020-04-13,Ontario,3357
1327,2020-04-22,PEI,24
1328,2020-04-21,PEI,23
1329,2020-04-20,PEI,23
1330,2020-04-19,PEI,23
1331,2020-04-18,PEI,23
1332,2020-04-17,PEI,23
1333,2020-04-16,PEI,23
1334,2020-04-15,PEI,23
1335,2020-04-14,PEI,23
1336,2020-04-13,PEI,23
1337,2020-04-22,Quebec,4291
1338,2020-04-21,Quebec,4048
1339,2020-04-20,Quebec,3847
1340,2020-04-19,Quebec,3555
1341,2020-04-18,Quebec,3315
1342,2020-04-17,Quebec,3068
1343,2020-04-16,Quebec,2841
1344,2020-04-15,Quebec,2491
1345,2020-04-14,Quebec,2146
1346,2020-04-13,Quebec,1982
1347,2020-04-22,Saskatchewan,261
1348,2020-04-21,Saskatchewan,252
1349,2020-04-20,Saskatchewan,238
1350,2020-04-19,Saskatchewan,234
1351,2020-04-18,Saskatchewan,234
1352,2020-04-17,Saskatchewan,228
1353,2020-04-16,Saskatchewan,219
1354,2020-04-15,Saskatchewan,205
1355,2020-04-14,Saskatchewan,187
1356,2020-04-13,Saskatchewan,178
1357,2020-04-22,NWT,5
1358,2020-04-21,NWT,5
1359,2020-04-20,NWT,5
1360,2020-04-19,NWT,3
1361,2020-04-18,NWT,3
1362,2020-04-17,NWT,3
1363,2020-04-16,NWT,2
1364,2020-04-15,NWT,2
1365,2020-04-14,NWT,2
1366,2020-04-13,NWT,2
1367,2020-04-22,Nunavut,-1
1368,2020-04-21,Nunavut,-1
1369,2020-04-20,Nunavut,-1
1370,2020-04-19,Nunavut,-1
1371,2020-04-18,Nunavut,-1
1372,2020-04-17,Nunavut,-1
1373,2020-04-16,Nunavut,-1
1374,2020-04-15,Nunavut,-1
1375,2020-04-14,Nunavut,-1
1376,2020-04-13,Nunavut,-1
1377,2020-04-22,Yukon,8
1378,2020-04-21,Yukon,8
1379,2020-04-20,Yukon,8
1380,2020-04-19,Yukon,8
1381,2020-04-18,Yukon,8
1382,2020-04-17,Yukon,7
1383,2020-04-16,Yukon,6
1384,2020-04-15,Yukon,6
1385,2020-04-14,Yukon,6
1386,2020-04-13,Yukon,6
1387,2020-04-23,Alberta,1357
1388,2020-04-23,BC,1092
1389,2020-04-23,Manitoba,174
1390,2020-04-23,New Brunswick,104
1391,2020-04-23,NL,205
1392,2020-04-23,Nova Scotia,358
1393,2020-04-23,Ontario,6680
1394,2020-04-23,PEI,24
1395,2020-04-23,Quebec,4484
1396,2020-04-23,Saskatchewan,270
1397,2020-04-23,NWT,5
1398,2020-04-23,Nunavut,-1
1399,2020-04-23,Yukon,8
1400,2020-04-24,Alberta,1397
1401,2020-04-24,BC,1114
1402,2020-04-24,Manitoba,196
1403,2020-04-24,New Brunswick,107
1404,2020-04-24,NL,207
1405,2020-04-24,Nova Scotia,392
1406,2020-04-24,Ontario,7087
1407,2020-04-24,PEI,24
1408,2020-04-24,Quebec,4724
1409,2020-04-24,Saskatchewan,280
1410,2020-04-24,NWT,5
1411,2020-04-24,Nunavut,-1
1412,2020-04-24,Yukon,8
1413,2020-04-25,Alberta,1471
1414,2020-04-25,BC,1137
1415,2020-04-25,Manitoba,199
1416,2020-04-25,New Brunswick,107
1417,2020-04-25,NL,208
1418,2020-04-25,Nova Scotia,412
1419,2020-04-25,Ontario,7509
1420,2020-04-25,PEI,24
1421,2020-04-25,Quebec,5057
1422,2020-04-25,Saskatchewan,288
1423,2020-04-25,NWT,5
1424,2020-04-25,Nunavut,-1
1425,2020-04-25,Yukon,8
1426,2020-04-26,Alberta,1549
1427,2020-04-26,BC,1137
1428,2020-04-26,Manitoba,199
1429,2020-04-26,New Brunswick,111
1430,2020-04-26,NL,219
1431,2020-04-26,Nova Scotia,439
1432,2020-04-26,Ontario,8000
1433,2020-04-26,PEI,24
1434,2020-04-26,Quebec,5342
1435,2020-04-26,Saskatchewan,288
1436,2020-04-26,NWT,5
1437,2020-04-26,Nunavut,-1
1438,2020-04-26,Yukon,8
1439,2020-04-27,Alberta,1664
1440,2020-04-27,BC,1190
1441,2020-04-27,Manitoba,205
1442,2020-04-27,New Brunswick,112
1443,2020-04-27,NL,221
1444,2020-04-27,Nova Scotia,509
1445,2020-04-27,Ontario,8525
1446,2020-04-27,PEI,24
1447,2020-04-27,Quebec,5517
1448,2020-04-27,Saskatchewan,288
1449,2020-04-27,NWT,5
1450,2020-04-27,Nunavut,-1
1451,2020-04-27,Yukon,8
1452,2020-04-28,Alberta,1800
1453,2020-04-28,BC,1231
1454,2020-04-28,Manitoba,209
1455,2020-04-28,New Brunswick,114
1456,2020-04-28,NL,222
1457,2020-04-28,Nova Scotia,522
1458,2020-04-28,Ontario,8964
1459,2020-04-28,PEI,24
1460,2020-04-28,Quebec,5841
1461,2020-04-28,Saskatchewan,291
1462,2020-04-28,NWT,5
1463,2020-04-28,Nunavut,-1
1464,2020-04-28,Yukon,8
1465,2020-04-29,Alberta,1953
1466,2020-04-29,BC,1305
1467,2020-04-29,Manitoba,213
1468,2020-04-29,New Brunswick,114
1469,2020-04-29,NL,225
1470,2020-04-29,Nova Scotia,529
1471,2020-04-29,Ontario,9612
1472,2020-04-29,PEI,24
1473,2020-04-29,Quebec,6048
1474,2020-04-29,Saskatchewan,291
1475,2020-04-29,NWT,5
1476,2020-04-29,Nunavut,-1
1477,2020-04-29,Yukon,8
1478,2020-04-30,Alberta,2161
1479,2020-04-30,BC,1322
1480,2020-04-30,Manitoba,220
1481,2020-04-30,New Brunswick,114
1482,2020-04-30,NL,225
1483,2020-04-30,Nova Scotia,545
1484,2020-04-30,Ontario,10205
1485,2020-04-30,PEI,24
1486,2020-04-30,Quebec,6299
1487,2020-04-30,Saskatchewan,295
1488,2020-04-30,NWT,5
1489,2020-04-30,Nunavut,0
1490,2020-04-30,Yukon,9
1491,2020-05-01,Alberta,2359
1492,2020-05-01,BC,1357
1493,2020-05-01,Manitoba,235
1494,2020-05-01,New Brunswick,116
1495,2020-05-01,NL,230
1496,2020-05-01,Nova Scotia,592
1497,2020-05-01,Ontario,10825
1498,2020-05-01,PEI,24
1499,2020-05-01,Quebec,6700
1500,2020-05-01,Saskatchewan,297
1501,2020-05-01,NWT,5
1502,2020-05-01,Nunavut,0
1503,2020-05-01,Yukon,11
1504,2020-05-02,Alberta,2534
1505,2020-05-02,BC,1376
1506,2020-05-02,Manitoba,236
1507,2020-05-02,New Brunswick,118
1508,2020-05-02,NL,231
1509,2020-05-02,Nova Scotia,609
1510,2020-05-02,Ontario,11390
1511,2020-05-02,PEI,24
1512,2020-05-02,Quebec,6965
1513,2020-05-02,Saskatchewan,302
1514,2020-05-02,NWT,5
1515,2020-05-02,Nunavut,0
1516,2020-05-02,Yukon,11
