region,date,recent,cumulative,date_shifted
Quebec,2020-03-19,113,121,0
Quebec,2020-03-20,122,139,1
Quebec,2020-03-21,157,181,2
Quebec,2020-03-22,180,219,3
Quebec,2020-03-23,578,628,4
Quebec,2020-03-24,966,1040,5
Quebec,2020-03-25,1245,1339,6
Quebec,2020-03-26,1508,1629,7
Quebec,2020-03-27,1882,2021,8
Quebec,2020-03-28,2317,2498,9
Quebec,2020-03-29,2621,2840,10
Quebec,2020-03-30,2802,3430,11
Quebec,2020-03-31,3122,4162,12
Quebec,2020-04-01,3272,4611,13
Quebec,2020-04-02,3889,5518,14
Quebec,2020-04-03,4080,6101,15
Quebec,2020-04-04,4499,6997,16
Quebec,2020-04-05,5104,7944,17
Quebec,2020-04-06,5150,8580,18
Quebec,2020-04-07,5180,9342,19
Quebec,2020-04-08,5422,10033,20
Quebec,2020-04-09,5396,10914,21
Quebec,2020-04-10,5578,11679,22
Quebec,2020-04-11,5297,12294,23
Quebec,2020-04-12,4904,12848,24
Quebec,2020-04-13,4979,13559,25
Quebec,2020-04-14,4908,14250,26
Quebec,2020-04-15,4829,14862,27
Quebec,2020-04-16,4945,15859,28
Quebec,2020-04-17,5121,16800,29
Quebec,2020-04-18,5228,17522,30
Quebec,2020-04-19,5508,18356,31
Quebec,2020-04-20,5758,19317,32
Quebec,2020-04-21,5873,20123,33
Quebec,2020-04-22,6099,20961,34
Quebec,2020-04-23,5975,21834,35
Quebec,2020-04-24,5808,22608,36
Quebec,2020-04-25,5739,23261,37
Quebec,2020-04-26,5745,24101,38
Quebec,2020-04-27,5654,24971,39
Quebec,2020-04-28,5625,25748,40
Quebec,2020-04-29,5630,26591,41
Quebec,2020-04-30,5706,27540,42
Quebec,2020-05-01,6042,28650,43
Quebec,2020-05-02,6397,29658,44
Quebec,2020-05-03,7766,31867,45
Ontario,2020-03-14,75,103,0
Ontario,2020-03-15,113,145,1
Ontario,2020-03-16,142,177,2
Ontario,2020-03-17,152,189,3
Ontario,2020-03-18,172,214,4
Ontario,2020-03-19,199,258,5
Ontario,2020-03-20,239,318,6
Ontario,2020-03-21,274,377,7
Ontario,2020-03-22,280,425,8
Ontario,2020-03-23,326,503,9
Ontario,2020-03-24,399,588,10
Ontario,2020-03-25,474,688,11
Ontario,2020-03-26,600,858,12
Ontario,2020-03-27,675,993,13
Ontario,2020-03-28,767,1144,14
Ontario,2020-03-29,930,1355,15
Ontario,2020-03-30,1203,1706,16
Ontario,2020-03-31,1378,1966,17
Ontario,2020-04-01,2163,2851,18
Ontario,2020-04-02,2430,3288,19
Ontario,2020-04-03,2693,3686,20
Ontario,2020-04-04,2877,4021,21
Ontario,2020-04-05,3086,4441,22
Ontario,2020-04-06,3139,4845,23
Ontario,2020-04-07,3425,5391,24
Ontario,2020-04-08,2987,5838,25
Ontario,2020-04-09,3109,6397,26
Ontario,2020-04-10,3118,6804,27
Ontario,2020-04-11,3272,7293,28
Ontario,2020-04-12,3285,7726,29
Ontario,2020-04-13,3375,8220,30
Ontario,2020-04-14,3389,8780,31
Ontario,2020-04-15,3464,9302,32
Ontario,2020-04-16,3424,9821,33
Ontario,2020-04-17,3643,10447,34
Ontario,2020-04-18,3715,11008,35
Ontario,2020-04-19,3813,11539,36
Ontario,2020-04-20,3994,12214,37
Ontario,2020-04-21,3926,12706,38
Ontario,2020-04-22,4116,13418,39
Ontario,2020-04-23,4174,13995,40
Ontario,2020-04-24,4038,14485,41
Ontario,2020-04-25,3905,14913,42
Ontario,2020-04-26,3872,15411,43
Ontario,2020-04-27,3653,15867,44
Ontario,2020-04-28,3626,16332,45
Ontario,2020-04-29,3378,16796,46
Ontario,2020-04-30,3198,17193,47
Ontario,2020-05-01,3262,17747,48
Ontario,2020-05-02,3272,18185,49
Ontario,2020-05-03,3020,18431,50
Nova Scotia,2020-03-28,89,110,0
Nova Scotia,2020-03-29,94,122,1
Nova Scotia,2020-03-30,86,127,2
Nova Scotia,2020-03-31,96,147,3
Nova Scotia,2020-04-01,105,173,4
Nova Scotia,2020-04-02,120,193,5
Nova Scotia,2020-04-03,117,207,6
Nova Scotia,2020-04-04,126,236,7
Nova Scotia,2020-04-05,140,262,8
Nova Scotia,2020-04-06,166,293,9
Nova Scotia,2020-04-07,163,310,10
Nova Scotia,2020-04-08,169,342,11
Nova Scotia,2020-04-09,180,373,12
Nova Scotia,2020-04-10,200,407,13
Nova Scotia,2020-04-11,192,428,14
Nova Scotia,2020-04-12,183,445,15
Nova Scotia,2020-04-13,181,474,16
Nova Scotia,2020-04-14,207,517,17
Nova Scotia,2020-04-15,207,549,18
Nova Scotia,2020-04-16,206,579,19
Nova Scotia,2020-04-17,199,606,20
Nova Scotia,2020-04-18,221,649,21
Nova Scotia,2020-04-19,230,675,22
Nova Scotia,2020-04-20,247,721,23
Nova Scotia,2020-04-21,220,737,24
Nova Scotia,2020-04-22,223,772,25
Nova Scotia,2020-04-23,248,827,26
Nova Scotia,2020-04-24,244,850,27
Nova Scotia,2020-04-25,216,865,28
Nova Scotia,2020-04-26,198,873,29
Nova Scotia,2020-04-27,179,900,30
Nova Scotia,2020-04-28,178,915,31
Nova Scotia,2020-04-29,163,935,32
Nova Scotia,2020-04-30,120,947,33
Nova Scotia,2020-05-01,109,959,34
Nova Scotia,2020-05-02,98,963,35
Nova Scotia,2020-05-03,98,971,36
BC,2020-03-16,76,103,0
BC,2020-03-17,154,186,1
BC,2020-03-18,192,231,2
BC,2020-03-19,225,271,3
BC,2020-03-20,295,348,4
BC,2020-03-21,360,424,5
BC,2020-03-23,399,472,6
BC,2020-03-24,514,617,7
BC,2020-03-25,473,659,8
BC,2020-03-26,494,725,9
BC,2020-03-27,521,792,10
BC,2020-03-28,536,884,11
BC,2020-03-30,546,970,12
BC,2020-03-31,541,1013,13
BC,2020-04-01,449,1066,14
BC,2020-04-02,462,1121,15
BC,2020-04-03,449,1174,16
BC,2020-04-04,411,1203,17
BC,2020-04-06,382,1266,18
BC,2020-04-07,321,1291,19
BC,2020-04-08,323,1336,20
BC,2020-04-09,304,1370,21
BC,2020-04-10,289,1410,22
BC,2020-04-11,271,1445,23
BC,2020-04-13,287,1490,24
BC,2020-04-14,251,1517,25
BC,2020-04-15,270,1561,26
BC,2020-04-16,239,1575,27
BC,2020-04-17,248,1618,28
BC,2020-04-18,237,1647,29
BC,2020-04-20,254,1699,30
BC,2020-04-21,234,1724,31
BC,2020-04-22,278,1795,32
BC,2020-04-23,263,1824,33
BC,2020-04-24,278,1853,34
BC,2020-04-25,330,1948,35
BC,2020-04-27,351,1998,36
BC,2020-04-28,354,2053,37
BC,2020-04-29,363,2087,38
BC,2020-04-30,317,2112,39
BC,2020-05-01,321,2145,40
BC,2020-05-02,318,2171,41
Alberta,2020-03-18,100,119,0
Alberta,2020-03-19,123,146,1
Alberta,2020-03-20,166,195,2
Alberta,2020-03-21,187,226,3
Alberta,2020-03-22,203,259,4
Alberta,2020-03-23,227,301,5
Alberta,2020-03-24,261,358,6
Alberta,2020-03-25,300,419,7
Alberta,2020-03-26,340,486,8
Alberta,2020-03-27,347,542,9
Alberta,2020-03-28,395,621,10
Alberta,2020-03-29,402,661,11
Alberta,2020-03-30,389,690,12
Alberta,2020-03-31,396,754,13
Alberta,2020-04-01,452,871,14
Alberta,2020-04-02,482,968,15
Alberta,2020-04-03,533,1075,16
Alberta,2020-04-04,560,1181,17
Alberta,2020-04-05,589,1250,18
Alberta,2020-04-06,658,1348,19
Alberta,2020-04-07,619,1373,20
Alberta,2020-04-08,552,1423,21
Alberta,2020-04-09,483,1451,22
Alberta,2020-04-10,425,1500,23
Alberta,2020-04-11,388,1569,24
Alberta,2020-04-12,401,1651,25
Alberta,2020-04-13,384,1732,26
Alberta,2020-04-14,497,1870,27
Alberta,2020-04-15,573,1996,28
Alberta,2020-04-16,707,2158,29
Alberta,2020-04-17,897,2397,30
Alberta,2020-04-18,993,2562,31
Alberta,2020-04-19,1152,2803,32
Alberta,2020-04-20,1176,2908,33
Alberta,2020-04-21,1225,3095,34
Alberta,2020-04-22,1405,3401,35
Alberta,2020-04-23,1562,3720,36
Alberta,2020-04-24,1620,4017,37
Alberta,2020-04-25,1670,4232,38
Alberta,2020-04-26,1672,4475,39
Alberta,2020-04-27,1783,4691,40
Alberta,2020-04-28,1755,4850,41
Alberta,2020-04-29,1764,5165,42
Alberta,2020-04-30,1635,5355,43
Alberta,2020-05-01,1556,5573,44
Alberta,2020-05-02,1438,5670,45
Alberta,2020-05-03,1291,5766,46
Saskatchewan,2020-03-27,78,104,0
Saskatchewan,2020-03-28,90,134,1
Saskatchewan,2020-03-29,104,156,2
Saskatchewan,2020-03-30,110,176,3
Saskatchewan,2020-03-31,112,184,4
Saskatchewan,2020-04-01,107,193,5
Saskatchewan,2020-04-02,111,206,6
Saskatchewan,2020-04-03,116,220,7
Saskatchewan,2020-04-04,97,231,8
Saskatchewan,2020-04-05,93,249,9
Saskatchewan,2020-04-06,77,253,10
Saskatchewan,2020-04-07,76,260,11
Saskatchewan,2020-04-08,78,271,12
Saskatchewan,2020-04-09,72,278,13
Saskatchewan,2020-04-10,65,285,14
Saskatchewan,2020-04-11,58,289,15
Saskatchewan,2020-04-12,49,298,16
Saskatchewan,2020-04-13,47,300,17
Saskatchewan,2020-04-14,41,301,18
Saskatchewan,2020-04-15,33,304,19
Saskatchewan,2020-04-16,27,305,20
Saskatchewan,2020-04-17,22,307,21
Saskatchewan,2020-04-18,24,313,22
Saskatchewan,2020-04-19,17,315,23
Saskatchewan,2020-04-20,16,316,24
Saskatchewan,2020-04-21,19,320,25
Saskatchewan,2020-04-22,22,326,26
Saskatchewan,2020-04-23,26,331,27
Saskatchewan,2020-04-24,34,341,28
Saskatchewan,2020-04-25,36,349,29
Saskatchewan,2020-04-26,38,353,30
Saskatchewan,2020-04-27,49,365,31
Saskatchewan,2020-04-28,46,366,32
Saskatchewan,2020-04-29,57,383,33
Saskatchewan,2020-04-30,58,389,34
Saskatchewan,2020-05-01,74,415,35
Saskatchewan,2020-05-02,72,421,36
Saskatchewan,2020-05-03,80,433,37
NL,2020-03-27,98,102,0
NL,2020-03-28,114,120,1
NL,2020-03-29,126,135,2
NL,2020-03-30,124,148,3
NL,2020-03-31,117,152,4
NL,2020-04-01,108,175,5
NL,2020-04-02,101,183,6
NL,2020-04-03,93,195,7
NL,2020-04-04,83,203,8
NL,2020-04-05,82,217,9
NL,2020-04-06,78,226,10
NL,2020-04-07,76,228,11
NL,2020-04-08,57,232,12
NL,2020-04-09,53,236,13
NL,2020-04-10,44,239,14
NL,2020-04-11,38,241,15
NL,2020-04-12,25,242,16
NL,2020-04-13,18,244,17
NL,2020-04-15,19,247,18
NL,2020-04-16,20,252,19
NL,2020-04-17,20,256,20
NL,2020-04-25,18,257,21
NL,2020-04-26,17,258,22
NL,2020-05-01,17,259,23
Manitoba,2020-03-31,82,103,0
Manitoba,2020-04-01,92,127,1
Manitoba,2020-04-02,131,167,2
Manitoba,2020-04-03,143,182,3
Manitoba,2020-04-04,130,194,4
Manitoba,2020-04-05,131,203,5
Manitoba,2020-04-06,108,204,6
Manitoba,2020-04-07,114,217,7
Manitoba,2020-04-08,94,221,8
Manitoba,2020-04-09,57,224,9
Manitoba,2020-04-10,48,230,10
Manitoba,2020-04-11,48,242,11
Manitoba,2020-04-13,41,244,12
Manitoba,2020-04-15,42,246,13
Manitoba,2020-04-16,33,250,14
Manitoba,2020-04-18,32,253,15
Manitoba,2020-04-20,30,254,16
Manitoba,2020-04-21,25,255,17
Manitoba,2020-04-22,15,257,18
Manitoba,2020-04-23,18,262,19
Manitoba,2020-04-24,17,263,20
Manitoba,2020-04-25,17,267,21
Manitoba,2020-04-26,18,271,22
Manitoba,2020-04-27,18,272,23
Manitoba,2020-04-29,18,273,24
Manitoba,2020-04-30,18,275,25
Manitoba,2020-05-01,17,279,26
Manitoba,2020-05-02,17,280,27
Manitoba,2020-05-03,14,281,28
New Brunswick,2020-04-05,35,101,0
New Brunswick,2020-04-06,35,103,1
New Brunswick,2020-04-07,35,105,2
New Brunswick,2020-04-08,27,108,3
New Brunswick,2020-04-09,20,111,4
New Brunswick,2020-04-10,17,112,5
New Brunswick,2020-04-12,16,114,6
New Brunswick,2020-04-13,15,116,7
New Brunswick,2020-04-15,14,117,8
New Brunswick,2020-04-18,13,118,9
Nunavut,2020-03-11,82,116,0
Nunavut,2020-03-12,110,156,1
Nunavut,2020-03-13,144,198,2
Nunavut,2020-03-14,197,257,3
Nunavut,2020-03-15,274,341,4
Nunavut,2020-03-16,355,441,5
Nunavut,2020-03-17,502,597,6
Nunavut,2020-03-18,611,727,7
Nunavut,2020-03-19,717,873,8
Nunavut,2020-03-20,889,1087,9
Nunavut,2020-03-21,1074,1331,10
Nunavut,2020-03-22,1130,1471,11
Nunavut,2020-03-23,1650,2091,12
Nunavut,2020-03-24,2222,2819,13
Nunavut,2020-03-25,2682,3409,14
Nunavut,2020-03-26,3170,4043,15
Nunavut,2020-03-27,3670,4757,16
Nunavut,2020-03-28,4324,5655,17
Nunavut,2020-03-29,4849,6320,18
Nunavut,2020-03-30,5357,7448,19
Nunavut,2020-03-31,5772,8591,20
Nunavut,2020-04-01,6781,10190,21
Nunavut,2020-04-02,7735,11778,22
Nunavut,2020-04-03,8223,12980,23
Nunavut,2020-04-04,8754,14409,24
Nunavut,2020-04-05,9595,15915,25
Nunavut,2020-04-06,9717,17165,26
Nunavut,2020-04-07,9973,18564,27
Nunavut,2020-04-08,9665,19855,28
Nunavut,2020-04-09,9627,21405,29
Nunavut,2020-04-10,9737,22717,30
Nunavut,2020-04-11,9555,23964,31
Nunavut,2020-04-12,9147,25062,32
Nunavut,2020-04-13,9265,26430,33
Nunavut,2020-04-14,9326,27890,34
Nunavut,2020-04-15,9381,29236,35
Nunavut,2020-04-16,9563,30968,36
Nunavut,2020-04-17,10134,32851,37
Nunavut,2020-04-18,10417,34381,38
Nunavut,2020-04-19,10953,36015,39
Nunavut,2020-04-20,11428,37858,40
Nunavut,2020-04-21,11499,39389,41
Nunavut,2020-04-22,12123,41359,42
Nunavut,2020-04-23,12254,43222,43
Nunavut,2020-04-24,11995,44846,44
Nunavut,2020-04-25,11884,46265,45
Nunavut,2020-04-26,11848,47863,46
Nunavut,2020-04-27,11637,49495,47
Nunavut,2020-04-28,11579,50968,48
Nunavut,2020-04-29,11303,52662,49
Nunavut,2020-04-30,11022,54244,50
Nunavut,2020-05-01,11356,56202,51
Nunavut,2020-05-02,11517,57782,52
Nunavut,2020-05-03,12491,60354,53
Italy,2020-02-23,152,155,0
Italy,2020-02-24,226,229,1
Italy,2020-02-25,319,322,2
Italy,2020-02-26,450,453,3
Italy,2020-02-27,652,655,4
Italy,2020-02-28,868,888,5
Italy,2020-02-29,1066,1128,6
Italy,2020-03-01,1539,1694,7
Italy,2020-03-02,1807,2036,8
Italy,2020-03-03,2180,2502,9
Italy,2020-03-04,2636,3089,10
Italy,2020-03-05,3203,3858,11
Italy,2020-03-06,3748,4636,12
Italy,2020-03-07,4755,5883,13
Italy,2020-03-08,5681,7375,14
Italy,2020-03-09,7136,9172,15
Italy,2020-03-10,7647,10149,16
Italy,2020-03-11,9373,12462,17
Italy,2020-03-12,8604,12462,18
Italy,2020-03-13,13024,17660,19
Italy,2020-03-14,15274,21157,20
Italy,2020-03-15,17372,24747,21
Italy,2020-03-16,18808,27980,22
Italy,2020-03-17,21357,31506,23
Italy,2020-03-18,23251,35713,24
Italy,2020-03-19,28573,41035,25
Italy,2020-03-20,29361,47021,26
Italy,2020-03-21,32421,53578,27
Italy,2020-03-22,34391,59138,28
Italy,2020-03-23,35947,63927,29
Italy,2020-03-24,37670,69176,30
Italy,2020-03-25,38673,74386,31
Italy,2020-03-26,39554,80589,32
Italy,2020-03-27,39477,86498,33
Italy,2020-03-28,38894,92472,34
Italy,2020-03-29,38551,97689,35
Italy,2020-03-30,37812,101739,36
Italy,2020-03-31,36616,105792,37
Italy,2020-04-01,36188,110574,38
Italy,2020-04-02,34653,115242,39
Italy,2020-04-03,33329,119827,40
Italy,2020-04-04,32160,124632,41
Italy,2020-04-05,31259,128948,42
Italy,2020-04-06,30808,132547,43
Italy,2020-04-07,29794,135586,44
Italy,2020-04-08,28848,139422,45
Italy,2020-04-09,28384,143626,46
Italy,2020-04-10,27750,147577,47
Italy,2020-04-11,27639,152271,48
Italy,2020-04-12,27415,156363,49
Italy,2020-04-13,26969,159516,50
Italy,2020-04-14,26902,162488,51
Italy,2020-04-15,25733,165155,52
Italy,2020-04-16,25315,168941,53
Italy,2020-04-17,24857,172434,54
Italy,2020-04-18,23654,175925,55
Italy,2020-04-19,22609,178972,56
Italy,2020-04-20,21712,181228,57
Italy,2020-04-21,21469,183957,58
Italy,2020-04-22,22172,187327,59
Italy,2020-04-23,21032,189973,60
Italy,2020-04-24,20560,192994,61
Italy,2020-04-25,19426,195351,62
Italy,2020-04-26,18703,197675,63
Italy,2020-04-27,18186,199414,64
Italy,2020-04-28,17548,201505,65
Italy,2020-04-29,16264,203591,66
Italy,2020-04-30,15490,205463,67
Italy,2020-05-01,14434,207428,68
Italy,2020-05-02,13977,209328,69
Italy,2020-05-03,13042,210717,70
"Korea, South",2020-02-20,76,103,0
"Korea, South",2020-02-21,176,203,1
"Korea, South",2020-02-22,405,432,2
"Korea, South",2020-02-23,573,601,3
"Korea, South",2020-02-24,803,832,4
"Korea, South",2020-02-25,946,976,5
"Korea, South",2020-02-26,1230,1260,6
"Korea, South",2020-02-27,1662,1765,7
"Korea, South",2020-02-28,2133,2336,8
"Korea, South",2020-02-29,2717,3149,9
"Korea, South",2020-03-01,3134,3735,10
"Korea, South",2020-03-02,3502,4334,11
"Korea, South",2020-03-03,4209,5185,12
"Korea, South",2020-03-04,4360,5620,13
"Korea, South",2020-03-05,4322,6087,14
"Korea, South",2020-03-06,4256,6592,15
"Korea, South",2020-03-07,3891,7040,16
"Korea, South",2020-03-08,3578,7313,17
"Korea, South",2020-03-09,3143,7477,18
"Korea, South",2020-03-10,2327,7512,19
"Korea, South",2020-03-11,2134,7754,20
"Korea, South",2020-03-12,1781,7868,21
"Korea, South",2020-03-13,1386,7978,22
"Korea, South",2020-03-14,1045,8085,23
"Korea, South",2020-03-15,848,8161,24
"Korea, South",2020-03-16,758,8235,25
"Korea, South",2020-03-17,807,8319,26
"Korea, South",2020-03-18,658,8412,27
"Korea, South",2020-03-19,696,8564,28
"Korea, South",2020-03-20,673,8651,29
"Korea, South",2020-03-21,713,8798,30
"Korea, South",2020-03-22,799,8960,31
"Korea, South",2020-03-23,725,8960,32
"Korea, South",2020-03-24,717,9036,33
"Korea, South",2020-03-25,724,9136,34
"Korea, South",2020-03-26,676,9240,35
"Korea, South",2020-03-27,680,9331,36
"Korea, South",2020-03-28,679,9477,37
"Korea, South",2020-03-29,622,9582,38
"Korea, South",2020-03-30,700,9660,39
"Korea, South",2020-03-31,749,9785,40
"Korea, South",2020-04-01,750,9886,41
"Korea, South",2020-04-02,735,9975,42
"Korea, South",2020-04-03,730,10061,43
"Korea, South",2020-04-04,678,10155,44
"Korea, South",2020-04-05,654,10236,45
"Korea, South",2020-04-06,623,10283,46
"Korea, South",2020-04-07,545,10330,47
"Korea, South",2020-04-08,497,10383,48
"Korea, South",2020-04-09,447,10422,49
"Korea, South",2020-04-10,388,10449,50
"Korea, South",2020-04-11,324,10479,51
"Korea, South",2020-04-12,275,10511,52
"Korea, South",2020-04-13,253,10536,53
"Korea, South",2020-04-14,233,10563,54
"Korea, South",2020-04-15,207,10590,55
"Korea, South",2020-04-16,190,10612,56
"Korea, South",2020-04-17,185,10634,57
"Korea, South",2020-04-18,173,10652,58
"Korea, South",2020-04-19,149,10660,59
"Korea, South",2020-04-20,137,10673,60
"Korea, South",2020-04-21,119,10682,61
"Korea, South",2020-04-22,103,10693,62
"Korea, South",2020-04-23,95,10707,63
"Korea, South",2020-04-24,83,10717,64
"Korea, South",2020-04-25,75,10727,65
"Korea, South",2020-04-26,77,10737,66
"Korea, South",2020-04-27,78,10751,67
"Korea, South",2020-04-28,78,10760,68
"Korea, South",2020-04-29,71,10764,69
"Korea, South",2020-04-30,66,10773,70
"Korea, South",2020-05-01,62,10779,71
"Korea, South",2020-05-02,65,10792,72
"Korea, South",2020-05-03,63,10800,73
Spain,2020-03-02,118,120,0
Spain,2020-03-03,159,165,1
Spain,2020-03-04,209,222,2
Spain,2020-03-05,244,259,3
Spain,2020-03-06,368,400,4
Spain,2020-03-07,455,500,5
Spain,2020-03-08,589,673,6
Spain,2020-03-09,953,1073,7
Spain,2020-03-10,1530,1695,8
Spain,2020-03-11,2055,2277,9
Spain,2020-03-12,2018,2277,10
Spain,2020-03-13,4832,5232,11
Spain,2020-03-14,5891,6391,12
Spain,2020-03-15,7125,7798,13
Spain,2020-03-16,8869,9942,14
Spain,2020-03-17,10053,11748,15
Spain,2020-03-18,11633,13910,16
Spain,2020-03-19,15686,17963,17
Spain,2020-03-20,15178,20410,18
Spain,2020-03-21,18983,25374,19
Spain,2020-03-22,20970,28768,20
Spain,2020-03-23,25194,35136,21
Spain,2020-03-24,28137,39885,22
Spain,2020-03-25,35605,49515,23
Spain,2020-03-26,39823,57786,24
Spain,2020-03-27,45309,65719,25
Spain,2020-03-28,47861,73235,26
Spain,2020-03-29,51342,80110,27
Spain,2020-03-30,52820,87956,28
Spain,2020-03-31,56038,95923,29
Spain,2020-04-01,54603,104118,30
Spain,2020-04-02,54279,112065,31
Spain,2020-04-03,53480,119199,32
Spain,2020-04-04,52933,126168,33
Spain,2020-04-05,51536,131646,34
Spain,2020-04-06,48719,136675,35
Spain,2020-04-07,46019,141942,36
Spain,2020-04-08,44102,148220,37
Spain,2020-04-09,46159,158224,38
Spain,2020-04-10,44076,163275,39
Spain,2020-04-11,41861,168029,40
Spain,2020-04-12,40187,171833,41
Spain,2020-04-13,38426,175101,42
Spain,2020-04-14,35601,177543,43
Spain,2020-04-15,34426,182646,44
Spain,2020-04-16,31726,189950,45
Spain,2020-04-17,32566,195841,46
Spain,2020-04-18,28699,196728,47
Spain,2020-04-19,31843,203676,48
Spain,2020-04-20,30111,205212,49
Spain,2020-04-21,31637,209180,50
Spain,2020-04-22,30745,213391,51
Spain,2020-04-23,28076,218026,52
Spain,2020-04-24,28925,224766,53
Spain,2020-04-25,32033,228761,54
Spain,2020-04-26,27955,231631,55
Spain,2020-04-27,29212,234424,56
Spain,2020-04-28,27950,237130,57
Spain,2020-04-29,28510,241901,58
Spain,2020-04-30,24393,242419,59
Spain,2020-05-01,17653,242419,60
Spain,2020-05-02,16805,245566,61
Spain,2020-05-03,14819,246450,62
United Kingdom,2020-03-05,101,116,0
United Kingdom,2020-03-06,144,164,1
United Kingdom,2020-03-07,184,207,2
United Kingdom,2020-03-08,238,274,3
United Kingdom,2020-03-09,282,322,4
United Kingdom,2020-03-10,333,384,5
United Kingdom,2020-03-11,373,459,6
United Kingdom,2020-03-12,343,459,7
United Kingdom,2020-03-13,638,802,8
United Kingdom,2020-03-14,937,1144,9
United Kingdom,2020-03-15,871,1145,10
United Kingdom,2020-03-16,1229,1551,11
United Kingdom,2020-03-17,1576,1960,12
United Kingdom,2020-03-18,2183,2642,13
United Kingdom,2020-03-19,2257,2716,14
United Kingdom,2020-03-20,3212,4014,15
United Kingdom,2020-03-21,3923,5067,16
United Kingdom,2020-03-22,4600,5745,17
United Kingdom,2020-03-23,5175,6726,18
United Kingdom,2020-03-24,6204,8164,19
United Kingdom,2020-03-25,6998,9640,20
United Kingdom,2020-03-26,9096,11812,21
United Kingdom,2020-03-27,10731,14745,22
United Kingdom,2020-03-28,12245,17312,23
United Kingdom,2020-03-29,14035,19780,24
United Kingdom,2020-03-30,15727,22453,25
United Kingdom,2020-03-31,17317,25481,26
United Kingdom,2020-04-01,20225,29865,27
United Kingdom,2020-04-02,22361,34173,28
United Kingdom,2020-04-03,23944,38689,29
United Kingdom,2020-04-04,25165,42477,30
United Kingdom,2020-04-05,28656,48436,31
United Kingdom,2020-04-06,29826,52279,32
United Kingdom,2020-04-07,30468,55949,33
United Kingdom,2020-04-08,31609,61474,34
United Kingdom,2020-04-09,31699,65872,35
United Kingdom,2020-04-10,35916,74605,36
United Kingdom,2020-04-11,37397,79874,37
United Kingdom,2020-04-12,36770,85206,38
United Kingdom,2020-04-13,37291,89570,39
United Kingdom,2020-04-14,38896,94845,40
United Kingdom,2020-04-15,38009,99483,41
United Kingdom,2020-04-16,38273,104145,42
United Kingdom,2020-04-17,35164,109769,43
United Kingdom,2020-04-18,35440,115314,44
United Kingdom,2020-04-19,35966,121172,45
United Kingdom,2020-04-20,36286,125856,46
United Kingdom,2020-04-21,35327,130172,47
United Kingdom,2020-04-22,35155,134638,48
United Kingdom,2020-04-23,35101,139246,49
United Kingdom,2020-04-24,34871,144640,50
United Kingdom,2020-04-25,34255,149569,51
United Kingdom,2020-04-26,32865,154037,52
United Kingdom,2020-04-27,32492,158348,53
United Kingdom,2020-04-28,32178,162350,54
United Kingdom,2020-04-29,31803,166441,55
United Kingdom,2020-04-30,33235,172481,56
United Kingdom,2020-05-01,34045,178685,57
United Kingdom,2020-05-02,33931,183500,58
United Kingdom,2020-05-03,33805,187842,59
France,2020-02-29,88,100,0
France,2020-03-01,118,130,1
France,2020-03-02,179,191,2
France,2020-03-03,190,204,3
France,2020-03-04,270,288,4
France,2020-03-05,342,380,5
France,2020-03-06,599,656,6
France,2020-03-07,859,959,7
France,2020-03-08,1006,1136,8
France,2020-03-09,1028,1219,9
France,2020-03-10,1590,1794,10
France,2020-03-11,2005,2293,11
France,2020-03-12,1913,2293,12
France,2020-03-13,3025,3681,13
France,2020-03-14,3537,4496,14
France,2020-03-15,3396,4532,15
France,2020-03-16,5464,6683,16
France,2020-03-17,5921,7715,17
France,2020-03-18,6831,9124,18
France,2020-03-19,8677,10970,19
France,2020-03-20,9077,12758,20
France,2020-03-21,9967,14463,21
France,2020-03-22,11711,16243,22
France,2020-03-23,13440,20123,23
France,2020-03-24,14907,22622,24
France,2020-03-25,16476,25600,25
France,2020-03-26,18581,29551,26
France,2020-03-27,20644,33402,27
France,2020-03-28,23642,38105,28
France,2020-03-29,24465,40708,29
France,2020-03-30,25047,45170,30
France,2020-03-31,30205,52827,31
France,2020-04-01,32149,57749,32
France,2020-04-02,30378,59929,33
France,2020-04-03,31800,65202,34
France,2020-04-04,52743,90848,35
France,2020-04-05,53065,93773,36
France,2020-04-06,53793,98963,37
France,2020-04-07,57238,110065,38
France,2020-04-08,56210,113959,39
France,2020-04-09,58852,118781,40
France,2020-04-10,60729,125931,41
France,2020-04-11,39879,130727,42
France,2020-04-12,39897,133670,43
France,2020-04-13,38389,137352,44
France,2020-04-14,32258,142323,45
France,2020-04-15,31584,145543,46
France,2020-04-16,39252,158033,47
France,2020-04-17,34111,160042,48
France,2020-04-18,29317,160044,49
France,2020-04-19,31299,164969,50
France,2020-04-20,29999,167351,51
France,2020-04-21,27803,170126,52
France,2020-04-22,22395,167938,53
France,2020-04-23,12228,170261,54
France,2020-04-24,11868,171910,55
France,2020-04-25,13558,173602,56
France,2020-04-26,9209,174178,57
France,2020-04-27,10570,177921,58
France,2020-04-28,10885,181011,59
France,2020-04-29,10563,178501,60
France,2020-04-30,8996,179257,61
France,2020-05-01,7353,179263,62
France,2020-05-02,6874,180476,63
France,2020-05-03,6705,180883,64
US,2020-03-03,67,117,0
US,2020-03-04,92,148,1
US,2020-03-05,159,216,2
US,2020-03-06,202,261,3
US,2020-03-07,334,401,4
US,2020-03-08,444,517,5
US,2020-03-09,485,582,6
US,2020-03-10,841,958,7
US,2020-03-11,1132,1280,8
US,2020-03-12,1446,1662,9
US,2020-03-13,1917,2178,10
US,2020-03-14,2325,2726,11
US,2020-03-15,2981,3498,12
US,2020-03-16,4049,4631,13
US,2020-03-17,5462,6420,14
US,2020-03-18,6502,7782,15
US,2020-03-19,12084,13746,16
US,2020-03-20,17094,19272,17
US,2020-03-21,22873,25599,18
US,2020-03-22,29777,33275,19
US,2020-03-23,39215,43846,20
US,2020-03-24,47319,53739,21
US,2020-03-25,57995,65777,22
US,2020-03-26,70089,83835,23
US,2020-03-27,82384,101656,24
US,2020-03-28,95878,121477,25
US,2020-03-29,107633,140908,26
US,2020-03-30,117990,161836,27
US,2020-03-31,134432,188171,28
US,2020-04-01,147594,213371,29
US,2020-04-02,159780,243615,30
US,2020-04-03,173929,275585,31
US,2020-04-04,187372,308849,32
US,2020-04-05,196163,337071,33
US,2020-04-06,204830,366666,34
US,2020-04-07,208051,396222,35
US,2020-04-08,215680,429051,36
US,2020-04-09,217821,461436,37
US,2020-04-10,220949,496534,38
US,2020-04-11,217546,526395,39
US,2020-04-12,218241,555312,40
US,2020-04-13,213952,580618,41
US,2020-04-14,211447,607669,42
US,2020-04-15,207298,636349,43
US,2020-04-16,206155,667591,44
US,2020-04-17,203171,699705,45
US,2020-04-18,205801,732196,46
US,2020-04-19,203496,758808,47
US,2020-04-20,203707,784325,48
US,2020-04-21,204195,811864,49
US,2020-04-22,204001,840350,50
US,2020-04-23,201578,869169,51
US,2020-04-24,205652,905357,52
US,2020-04-25,205957,938153,53
US,2020-04-26,206976,965784,54
US,2020-04-27,203871,988196,55
US,2020-04-28,200717,1012581,56
US,2020-04-29,199558,1039908,57
US,2020-04-30,200254,1069423,58
US,2020-05-01,198103,1103460,59
US,2020-05-02,194385,1132538,60
US,2020-05-03,192255,1158039,61
